text,label
I want to buy a CRM tool,high
I need software to generate leads,high
Looking for pricing of lead generation tools,high
Can I get a demo of this platform?,high
I want to purchase a marketing automation tool,high
Need a tool that helps me generate leads quickly,high
Sign me up for a CRM solution,high
What is the cost of this software?,high

I am looking for CRM tools,medium
Exploring lead generation platforms,medium
Considering different marketing tools,medium
Comparing CRM software options,medium
Researching tools for lead generation,medium
Thinking about marketing automation,medium
Checking available CRM solutions,medium
Evaluating platforms for my startup,medium

Lead generation is important for businesses,low
Marketing tools are evolving,low
AI is changing sales workflows,low
Discussion about CRM trends,low
General thoughts on lead generation,low
Sales automation concepts,low
Business growth strategies discussion,low
Overview of marketing technology,low
